{
  "FooterItem": [
    {
      "heading": "About Us",
      "liItem": [
        "Our Company",
        "Our Coffee",
        "Stories and News",
        "Starbucks Archive",
        "Investor Relations",
        "Customer Service"
      ]
    },
    {
      "heading": "Careers",
      "liItem": [
        "Culture and Values",
        "Inclusion",
        "Diversity",
        "and Equity",
        "College Achievement Plan",
        "Alumni Community",
        "U.S. Careers",
        "International Careers"
      ]
    },
    {
      "heading": "Social Impact",
      "liItem": [
        "People",
        "Planet",
        "Environmental and Social Impact Reporting"
      ]
    },
    {
      "heading": "For Business Partners",
      "liItem": [
        "Landlord Support Center",
        "Suppliers",
        "Corporate Gift Card Sales",
        "Office and Foodservice Coffee"
      ]
    },
    {
      "heading": "Order and Pickup",
      "liItem": [
        "Order on the App",
        "Order on the Web",
        "Delivery",
        "Order and Pickup Options",
        "Explore and Find Coffee for Home"
      ]
    }
  ]
}
