{
  "project_info": {
    "project_number": "820320547878",
    "project_id": "doctor-patient-record-c57b1",
    "storage_bucket": "doctor-patient-record-c57b1.appspot.com"
  },
  "client": [
    {
      "client_info": {
        "mobilesdk_app_id": "1:820320547878:android:ccc23035ed57464383a2e7",
        "android_client_info": {
          "package_name": "com.react_native_practice"
        }
      },
      "oauth_client": [
        {
          "client_id": "820320547878-05i296fs9vvvcu6obbfttlpc51u0q2h8.apps.googleusercontent.com",
          "client_type": 3
        }
      ],
      "api_key": [
        {
          "current_key": "AIzaSyASELWFkdBlzMFTSvhTknQ_xAU6AaG0pjc"
        }
      ],
      "services": {
        "appinvite_service": {
          "other_platform_oauth_client": [
            {
              "client_id": "820320547878-05i296fs9vvvcu6obbfttlpc51u0q2h8.apps.googleusercontent.com",
              "client_type": 3
            }
          ]
        }
      }
    }
  ],
  "configuration_version": "1"
}