{
    "Foods": [
        {
            "name": "Apple",
            "image": "https://media.istockphoto.com/photos/red-apple-picture-id184276818?k=20&m=184276818&s=612x612&w=0&h=QxOcueqAUVTdiJ7DVoCu-BkNCIuwliPEgtAQhgvBA_g="
        },
        {
            "name": "Mango",
            "image": "https://media.istockphoto.com/photos/mango-and-leaf-isolated-white-background-picture-id1019835828?k=20&m=1019835828&s=612x612&w=0&h=-ecU5hgNci34jS0jiKGgyPiQTyDeTcahMhdtSTDm30M="
        },
        {
            "name": "Banana",
            "image": "https://img.freepik.com/free-vector/vector-ripe-yellow-banana-bunch-isolated-white-background_1284-45456.jpg?w=2000"
        },
        {
            "name": "Pineapple",
            "image": "https://www.tazaonline.com/wp-content/uploads/2019/10/pineapple-1.jpg"
        },
        {
            "name": "Orange",
            "image": "https://saremco.com.pk/wp-content/uploads/2020/09/Orange-export-opt-1.jpg"
        }
    ]
}