{
  "dataItem": [
    {
      "categories": "Outdoor Furniture",
      "image": "./images/product/f1.webp",
      "text": "Fashion women's casual shoes 2022 summer new women's shoes flying woven breathable...",
      "price": "Rs 537.50 - Rs 569.38",
      "quantity": "1 piece (min.order)"
    },
    {
      "categories": "Outdoor Furniture",
      "image": "./images/product/f2.webp",
      "text": "Fashion women's casual shoes 2022 summer new women's shoes flying woven breathable...",
      "price": "Rs 537.50 - Rs 569.38",
      "quantity": "1 piece (min.order)"
    },
    {
      "categories": "Outdoor Furniture",
      "image": "./images/product/f3.webp",
      "text": "Fashion women's casual shoes 2022 summer new women's shoes flying woven breathable...",
      "price": "Rs 537.50 - Rs 569.38",
      "quantity": "1 piece (min.order)"
    },
    {
      "categories": "Outdoor Furniture",
      "image": "./images/product/f4.webp",
      "text": "Fashion women's casual shoes 2022 summer new women's shoes flying woven breathable...",
      "price": "Rs 537.50 - Rs 569.38",
      "quantity": "1 piece (min.order)"
    },

    {
      "categories": "Home Furniture",
      "image": "./images/product/h1.webp",
      "text": "Fashion women's casual shoes 2022 summer new women's shoes flying woven breathable...",
      "price": "Rs 537.50 - Rs 569.38",
      "quantity": "1 piece (min.order)"
    },
    {
      "categories": "Home Furniture",
      "image": "./images/product/h2.webp",
      "text": "Fashion women's casual shoes 2022 summer new women's shoes flying woven breathable...",
      "price": "Rs 537.50 - Rs 569.38",
      "quantity": "1 piece (min.order)"
    },
    {
      "categories": "Home Furniture",
      "image": "./images/product/h3.webp",
      "text": "Fashion women's casual shoes 2022 summer new women's shoes flying woven breathable...",
      "price": "Rs 537.50 - Rs 569.38",
      "quantity": "1 piece (min.order)"
    },
    {
      "categories": "Home Furniture",
      "image": "./images/product/h4.webp",
      "text": "Fashion women's casual shoes 2022 summer new women's shoes flying woven breathable...",
      "price": "Rs 537.50 - Rs 569.38",
      "quantity": "1 piece (min.order)"
    },

    {
      "categories": "Kid's Furniture",
      "image": "./images/product/k1.webp",
      "text": "Fashion women's casual shoes 2022 summer new women's shoes flying woven breathable...",
      "price": "Rs 537.50 - Rs 569.38",
      "quantity": "1 piece (min.order)"
    },
    {
      "categories": "Kid's Furniture",
      "image": "./images/product/k2.webp",
      "text": "Fashion women's casual shoes 2022 summer new women's shoes flying woven breathable...",
      "price": "Rs 537.50 - Rs 569.38",
      "quantity": "1 piece (min.order)"
    },
    {
      "categories": "Kid's Furniture",
      "image": "./images/product/k3.webp",
      "text": "Fashion women's casual shoes 2022 summer new women's shoes flying woven breathable...",
      "price": "Rs 537.50 - Rs 569.38",
      "quantity": "1 piece (min.order)"
    },
    {
      "categories": "Kid's Furniture",
      "image": "./images/product/k4.webp",
      "text": "Fashion women's casual shoes 2022 summer new women's shoes flying woven breathable...",
      "price": "Rs 537.50 - Rs 569.38",
      "quantity": "1 piece (min.order)"
    },

    {
      "categories": "Baked Goods",
      "image": "./images/product/b1.webp",
      "text": "Fashion women's casual shoes 2022 summer new women's shoes flying woven breathable...",
      "price": "Rs 537.50 - Rs 569.38",
      "quantity": "1 piece (min.order)"
    },
    {
      "categories": "Baked Goods",
      "image": "./images/product/b2.webp",
      "text": "Fashion women's casual shoes 2022 summer new women's shoes flying woven breathable...",
      "price": "Rs 537.50 - Rs 569.38",
      "quantity": "1 piece (min.order)"
    },
    {
      "categories": "Baked Goods",
      "image": "./images/product/b3.webp",
      "text": "Fashion women's casual shoes 2022 summer new women's shoes flying woven breathable...",
      "price": "Rs 537.50 - Rs 569.38",
      "quantity": "1 piece (min.order)"
    },
    {
      "categories": "Baked Goods",
      "image": "./images/product/b4.webp",
      "text": "Fashion women's casual shoes 2022 summer new women's shoes flying woven breathable...",
      "price": "Rs 537.50 - Rs 569.38",
      "quantity": "1 piece (min.order)"
    },

    {
      "categories": "Fruit & Vegetable Products",
      "image": "./images/product/food1.webp",
      "text": "Fashion women's casual shoes 2022 summer new women's shoes flying woven breathable...",
      "price": "Rs 537.50 - Rs 569.38",
      "quantity": "1 piece (min.order)"
    },
    {
      "categories": "Fruit & Vegetable Products",
      "image": "./images/product/food2.webp",
      "text": "Fashion women's casual shoes 2022 summer new women's shoes flying woven breathable...",
      "price": "Rs 537.50 - Rs 569.38",
      "quantity": "1 piece (min.order)"
    },
    {
      "categories": "Fruit & Vegetable Products",
      "image": "./images/product/food3.webp",
      "text": "Fashion women's casual shoes 2022 summer new women's shoes flying woven breathable...",
      "price": "Rs 537.50 - Rs 569.38",
      "quantity": "1 piece (min.order)"
    },
    {
      "categories": "Fruit & Vegetable Products",
      "image": "./images/product/food4.webp",
      "text": "Fashion women's casual shoes 2022 summer new women's shoes flying woven breathable...",
      "price": "Rs 537.50 - Rs 569.38",
      "quantity": "1 piece (min.order)"
    },

    {
      "categories": "Paintings",
      "image": "./images/product/p1.webp",
      "text": "Fashion women's casual shoes 2022 summer new women's shoes flying woven breathable...",
      "price": "Rs 537.50 - Rs 569.38",
      "quantity": "1 piece (min.order)"
    },
    {
      "categories": "Paintings",
      "image": "./images/product/p2.webp",
      "text": "Fashion women's casual shoes 2022 summer new women's shoes flying woven breathable...",
      "price": "Rs 537.50 - Rs 569.38",
      "quantity": "1 piece (min.order)"
    },
    {
      "categories": "Paintings",
      "image": "./images/product/p3.webp",
      "text": "Fashion women's casual shoes 2022 summer new women's shoes flying woven breathable...",
      "price": "Rs 537.50 - Rs 569.38",
      "quantity": "1 piece (min.order)"
    },
    {
      "categories": "Paintings",
      "image": "./images/product/p4.webp",
      "text": "Fashion women's casual shoes 2022 summer new women's shoes flying woven breathable...",
      "price": "Rs 537.50 - Rs 569.38",
      "quantity": "1 piece (min.order)"
    }
  ],
  "Foods": [
    {
      "name": "Outdoor Furniture",
      "image": "./images/products/img1.webp"
    },
    {
      "name": "Home Furniture",
      "image": "./images/products/img2.webp"
    },
    {
      "name": "Kid's Furniture",
      "image": "./images/products/img3.webp"
    },
    {
      "name": "Baked Goods",
      "image": "./images/products/img4.webp"
    },
    {
      "name": "Fruit & Vegetable Products",
      "image": "./images/products/img5.webp"
    },
    {
      "name": "Paintings",
      "image": "./images/products/img6.webp"
    }
  ]
}
