 {
    "Cards": [
        {
            "id": 1,
            "image": "card1.jpg",
            "name": "L23S",
            "description": "Lorem ipsum, dolor sit amet consectetur adipisicing elit.",
            "price": 23
        },
        {
            "id": 2,
            "image": "card2.jpg",
            "name": "M32Z",
            "description": "Lorem ipsum, dolor sit amet consectetur adipisicing elit.",
            "price": 13
        },
        {
            "id": 3,
            "image": "card3.jpg",
            "name": "I457",
            "description": "Lorem ipsum, dolor sit amet consectetur adipisicing elit.",
            "price": 33
        },
        {
            "id": 4,
            "image": "about.jpg",
            "name": "KLQ",
            "description": "Lorem ipsum, dolor sit amet consectetur adipisicing elit.",
            "price": 43
        },
        {
            "id": 5,
            "image": "card4.jpg",
            "name": "PWJ",
            "description": "Lorem ipsum, dolor sit amet consectetur adipisicing elit.",
            "price": 25
        },
        {
            "id": 6,
            "image": "card5.jpg",
            "name": "OUI",
            "description": "Lorem ipsum, dolor sit amet consectetur adipisicing elit.",
            "price": 32
        }
    ]
}