{
  "cardItem": [
    {
      "image": "./images/cards/card1.webp",
      "name": "12 Kva Generator",
      "price": "325,000",
      "address": "DHA Phase 7, Karachi . 2 weak ago",
      "featured": "featured"
    },
    {
      "image": "./images/cards/card7.webp",
      "name": "Canon 18-150 F3.5-6.3 RFS Lens",
      "price": "105,000",
      "address": "Askari 11, Lahore . 5 days ago",
      "featured": "featured"
    },
    {
      "image": "./images/cards/card9.webp",
      "name": "Marriage Bureau , Online Rishta Services , Shadi Services",
      "address": "Allama Iqbal Town, Lahore . 2 weak ago",
      "featured": "featured"
    },
    {
      "image": "./images/cards/card20.webp",
      "name": "two breeder females green opline split blue or violet opline fishri",
      "price": "25,000",
      "address": "Green Cap Society - Block G, Lahore . 13 minutes agao"
    },
    {
      "image": "./images/cards/card6.webp",
      "name": "used window split a. c",
      "price": "30,000",
      "address": "Cantt, Lahore . 1 weak ago",
      "featured": "featured"
    },
    {
      "image": "./images/cards/card19.webp",
      "name": "Infinix zero8i 8gb ram 128rom",
      "price": "28,000",
      "address": "Taxila Homes, Taxila . 47 minutes ago"
    },

    {
      "image": "./images/cards/card10.webp",
      "name": "In House Provide Domestic Staff , Patient Care , Driver , Maid , Cook",
      "address": "F-8, Islamabad . 5 hours agao",
      "featured": "featured"
    },
    {
      "image": "./images/cards/card18.webp",
      "name": "iphone x",
      "price": "40,000",
      "address": "Akbar Road, Mirpur . 47 minutes ago"
    },
    {
      "image": "./images/cards/card8.webp",
      "name": "Land Cruiser prado all body parts spare parts face lift available",
      "price": "9,999",
      "address": "Clifton - Block 4, Karachi . 2 days ago",
      "featured": "featured"
    },
    {
      "image": "./images/cards/card17.webp",
      "name": "pan cabin",
      "price": "15,000",
      "address": "Khada Memon Society, Karachi . 47 minutes agao"
    },
    {
      "image": "./images/cards/card16.webp",
      "name": "Cycle no:20 fornt tyer and seat miner damage",
      "price": "5,500",
      "address": "Al Raheem Road, Hyderabad . 47 minutes ago"
    },
    {
      "image": "./images/cards/card5.webp",
      "name": "Golden retriever puppy  kcp pedigret for sale",
      "price": "300,000",
      "address": "Allama Iqbal Road, Lahore . 2 weak ago",
      "featured": "featured"
    },
    {
      "image": "./images/cards/card4.webp",
      "name": "Pack Of 4 Cotton Bedsheets",
      "price": "4,000",
      "address": "F-11 Markaz, Islamabad . 4 weak ago",
      "featured": "featured"
    },
    {
      "image": "./images/cards/card2.webp",
      "name": "All Autobots",
      "price": "650,000",
      "address": "DHA Phase 5, Karachi . 11 hours ago",
      "featured": "featured"
    },
    {
      "image": "./images/cards/card15.webp",
      "name": "Pure Dragon Thai Aseel Madi Black Eyes Female",
      "price": "20,000",
      "address": "Grand Lahore City, Lahore . 47 minutes ago"
    },
    {
      "image": "./images/cards/card14.webp",
      "name": "iphone xs max All sim working Non Pta",
      "price": "75,000",
      "address": "Motorway City Sheikhupura, Sheikhüpura . 47 minutes ago"
    },
    {
      "image": "./images/cards/card13.webp",
      "name": "Vivo Y21 for sell",
      "price": "25,500",
      "address": "Malir, Karachi . 47 minutes ago"
    },
    {
      "image": "./images/cards/card3.webp",
      "name": "Apple iMac 27 Late 2015 Quantity Available",
      "price": "140,000",
      "address": "Gulberg, Lahore . 1 weak ago",
      "featured": "featured"
    },
    {
      "image": "./images/cards/card12.webp",
      "name": "DELL LAPTOP I7 7 GEN",
      "price": "50,000",
      "address": "Jubilee Town - Block F, Lahore . 47 minutes ago"
    },
    {
      "image": "./images/cards/card11.webp",
      "name": "ultrasound machines sales and services 03235599941",
      "price": "1,000,000",
      "address": "Afzal Town, Rawalpindi . 47 minutes ago"
    }
  ]
}
