[
  {
    "Level1": [
      {
        "question": "Who is the first Pakistani to hit century in T20I cricket?",
        "options": [
          "Imran Nazir",
          "Kamran Akmal",
          "Ahmad Shahzad",
          "Shahid Afridi"
        ],
        "correct": "Ahmad Shahzad",
        "id": 1
      },
      {
        "question": "In which year Pakistan played first test match?",
        "options": ["1951", "1952", "1953", "1954"],
        "correct": "1952",
        "id": 2
      },
      {
        "question": "Which of the following trophies is related with the game of ‘Football’?",
        "options": [
          "Mumbai Gold Cup",
          "Everest Cup",
          "Merdeka Cup",
          "V.C.C. Cup"
        ],
        "correct": "Merdeka Cup",
        "id": 3
      },
      {
        "question": "When was Thomas Cup founded?",
        "options": ["1926", "1938", "1949", "1957"],
        "correct": "1949",
        "id": 4
      },
      {
        "question": "Who is the President of World Boxing Association?",
        "options": [
          "Jack Dempsey",
          "Gilberto Mendoza",
          "Bob Arum",
          "Ali Raymi"
        ],
        "correct": "Gilberto Mendoza",
        "id": 5
      }
    ],
    "level2": [
      {
        "question": " Who won the Most Grand Prix Motorcycle Racing World Championship?",
        "options": [
          "Giacomo Agostini",
          "Ángel Nieto",
          "Mike Hailwood",
          "Carlo Ubbiali"
        ],
        "correct": "Giacomo Agostini",
        "id": 6
      },
      {
        "question": "what is the national game of pakistan?",
        "options": ["Football", "Cricket", "Hockey", "Kabaddi"],
        "correct": "Hockey",
        "id": 7
      },
      {
        "question": "How many points are there in badminton?",
        "options": ["11", "21", "31", "41"],
        "correct": "21",
        "id": 8
      },
      {
        "question": "ICC stands for ______________.",
        "options": [
          "International cricket conference",
          "International cricket council",
          "International cricket club",
          "International cricket coalition"
        ],
        "correct": "International cricket council",
        "id": 9
      },
      {
        "question": "Who has scored the most goals ever in football history?",
        "options": ["Ronaldo", "Meradona", "Pele", "Zidane"],
        "correct": "Pele",
        "id": 10
      }
    ],
    "level3": [
      {
        "question": "Pakistan lost the cricket world cup final in ____________?",
        "options": ["1992", "1996", "1999", "2003"],
        "correct": "1999",
        "id": 11
      },
      {
        "question": "ODI stands for___________?",
        "options": [
          "One Day International",
          "Overseas Development Institute",
          "Oracle Data Integrator (Oracle",
          "Office for Disability Issues"
        ],
        "correct": "One Day International",
        "id": 12
      },
      {
        "question": "What is the height of cricket wickets?",
        "options": [
          "26 inches (66 cm)",
          "27 inches (68.6 cm)",
          "28 inches (71.12 cm)",
          "29 inches (73.7 cm)"
        ],
        "correct": "28 inches (71.12 cm)",
        "id": 13
      },
      {
        "question": "Which city has been Selected as the Host for the 22nd Edition of Commonwealth Games to be held in 2022?",
        "options": [
          "Birmingham, United Kingdom",
          "Delhi, India",
          "Karachi, Pakistan",
          "Tokyo, Japan"
        ],
        "correct": "Birmingham, United Kingdom",
        "id": 14
      },
      {
        "question": "22nd Commonwealth Games would be held from____________2022?",
        "options": [
          "18 to 30 July",
          "18 to 30 August",
          "18 to 30 September",
          "18 to 30 October"
        ],
        "correct": "18 to 30 July",
        "id": 15
      }
    ],
    "BasicInfo": [
      {
        "name": "Sports",
        "totalQuestion": 5,
        "totalTime": 2
      }
    ]
  },
  {
    "Level1": [
      {
        "question": "Pakistan is located in",
        "options": ["South Central Asia", "South Asia", "South East Asia"],
        "correct": "South Central Asia",
        "id": 1
      },
      {
        "question": "Pakistan lies in the zone",
        "options": [
          "warm temperate zone",
          "cool temperate zone",
          "tropical zone"
        ],
        "correct": "warm temperate zone",
        "id": 2
      },
      {
        "question": "The northern part of Pakistan is mostly",
        "options": ["hot", "warm", "cold"],
        "correct": "cold",
        "id": 3
      },
      {
        "question": "The spring season in Pakistan starts from March to",
        "options": ["April", "May", "June"],
        "correct": "April",
        "id": 4
      },
      {
        "question": "October and November observe the season of",
        "options": ["Winter", "Summer", "Autumn"],
        "correct": "Autumn",
        "id": 5
      }
    ],
    "level2": [
      {
        "question": "The southern part of Pakistan experiences the temperatures upto",
        "options": [
          "40 degree or more",
          "60 degree or more",
          "50 degree or more"
        ],
        "correct": "50 degree or more",
        "id": 6
      },
      {
        "question": "The temperature of Southern part of Pakistan is",
        "options": ["cold", "hot", "moderate"],
        "correct": "hot",
        "id": 7
      },
      {
        "question": "Pakistan's climate varies across regions due to",
        "options": [
          "snow capped mountains and deserts",
          "snow capped mountains and rivers",
          "deserts and rainfall"
        ],
        "correct": "snow capped mountains and deserts",
        "id": 8
      },
      {
        "question": "During Summer in Pakistan, sometimes the temperature goes beyond",
        "options": ["45 degree", "50 degree", "55 degree"],
        "correct": "50 degree",
        "id": 9
      },
      {
        "question": "In Pakistan, nights are longer and days are shorter in",
        "options": ["Summer", "Spring", "Winter"],
        "correct": "Winter",
        "id": 10
      }
    ],
    "level3": [
      {
        "question": "What causes the soil pollution?",
        "options": [
          "Industrial waste",
          "Acid rain",
          "Fertilisers",
          "Chemicals"
        ],
        "correct": "Acid rain",
        "id": 11
      },
      {
        "question": "Green house effect is mainly caused by:",
        "options": ["Carbon dioxide", "Nitrogen", "Ethane", "Oxygen"],
        "correct": "Carbon dioxide",
        "id": 12
      },
      {
        "question": "The ozone layer exists in:",
        "options": [
          "Troposphere",
          "Stratosphere",
          "mesosphere",
          "None of these"
        ],
        "correct": "Stratosphere",
        "id": 13
      },
      {
        "question": "Plants get their nitrogen from:",
        "options": ["Air", "Water", "Soil", "Other plants"],
        "correct": "Soil",
        "id": 14
      },
      {
        "question": "Deforestation generally increases:",
        "options": ["Rain fall", "Global warming", "Drought", "Both 1 and 2"],
        "correct": "Both 1 and 2",
        "id": 15
      }
    ],
    "BasicInfo": [
      {
        "name": "Envireoment",
        "totalQuestion": 5,
        "totalTime": 2
      }
    ]
  },
  {
    "Level1": [
      {
        "question": "Thomas Cup is related to which among the following sports?",
        "options": ["Table Tennis", "Lawn Tennis", "Badminton", "Golf"],
        "correct": "Badminton",
        "id": 1
      },
      {
        "question": "Velodrome is an arena for which among the following sporting events ?",
        "options": [
          "Lawn tennis",
          "Ice Hockey",
          "Track Cycling",
          "Formula 1 racing"
        ],
        "correct": "Track Cycling",
        "id": 2
      },
      {
        "question": "Which of the following trophies is related with the game of ‘Football’?",
        "options": [
          "Mumbai Gold Cup",
          "Everest Cup",
          "Merdeka Cup",
          "V.C.C. Cup"
        ],
        "correct": "Merdeka Cup ",
        "id": 3
      },
      {
        "question": "When was Thomas Cup founded?",
        "options": ["1926", "1938", "1949", "1957"],
        "correct": "1949",
        "id": 4
      },
      {
        "question": "Who is the President of World Boxing Association?",
        "options": [
          "Jack Dempsey",
          "Gilberto Mendoza",
          "Bob Arum",
          "Ali Raymi"
        ],
        "correct": "Gilberto Mendoza",
        "id": 5
      }
    ],
    "level2": [
      {
        "question": "What is the motto of International Olympic Committee?",
        "options": [
          "Faster, Higher, Stronger",
          "Just Do it",
          "More than Passion",
          "We Together"
        ],
        "correct": "Faster, Higher, Stronger",
        "id": 6
      },
      {
        "question": "What is the motto of International Olympic Committee?",
        "options": [
          "Faster, Higher, Stronger",
          "Just Do it",
          "More than Passion",
          "We Together"
        ],
        "correct": "Faster, Higher, Stronger",
        "id": 7
      },
      {
        "question": "What is the motto of International Olympic Committee?",
        "options": [
          "Faster, Higher, Stronger",
          "Just Do it",
          "More than Passion",
          "We Together"
        ],
        "correct": "Faster, Higher, Stronger",
        "id": 8
      },
      {
        "question": "What is the motto of International Olympic Committee?",
        "options": [
          "Faster, Higher, Stronger",
          "Just Do it",
          "More than Passion",
          "We Together"
        ],
        "correct": "Faster, Higher, Stronger",
        "id": 9
      },
      {
        "question": "What is the motto of International Olympic Committee?",
        "options": [
          "Faster, Higher, Stronger",
          "Just Do it",
          "More than Passion",
          "We Together"
        ],
        "correct": "Faster, Higher, Stronger",
        "id": 10
      }
    ],
    "level3": [
      {
        "question": "What is the motto of International Olympic Committee?",
        "options": [
          "Faster, Higher, Stronger",
          "Just Do it",
          "More than Passion",
          "We Together"
        ],
        "correct": "Faster, Higher, Stronger",
        "id": 11
      },
      {
        "question": "What is the motto of International Olympic Committee?",
        "options": [
          "Faster, Higher, Stronger",
          "Just Do it",
          "More than Passion",
          "We Together"
        ],
        "correct": "Faster, Higher, Stronger",
        "id": 12
      },
      {
        "question": "What is the motto of International Olympic Committee?",
        "options": [
          "Faster, Higher, Stronger",
          "Just Do it",
          "More than Passion",
          "We Together"
        ],
        "correct": "Faster, Higher, Stronger",
        "id": 13
      },
      {
        "question": "What is the motto of International Olympic Committee?",
        "options": [
          "Faster, Higher, Stronger",
          "Just Do it",
          "More than Passion",
          "We Together"
        ],
        "correct": "Faster, Higher, Stronger",
        "id": 14
      },
      {
        "question": "What is the motto of International Olympic Committee?",
        "options": [
          "Faster, Higher, Stronger",
          "Just Do it",
          "More than Passion",
          "We Together"
        ],
        "correct": "Faster, Higher, Stronger",
        "id": 15
      }
    ],
    "BasicInfo": [
      {
        "name": "Math",
        "totalQuestion": 5,
        "totalTime": 2
      }
    ]
  },
  {
    "Level1": [
      {
        "question": "Thomas Cup is related to which among the following sports?",
        "options": ["Table Tennis", "Lawn Tennis", "Badminton", "Golf"],
        "correct": "Badminton",
        "id": 1
      },
      {
        "question": "Velodrome is an arena for which among the following sporting events ?",
        "options": [
          "Lawn tennis",
          "Ice Hockey",
          "Track Cycling",
          "Formula 1 racing"
        ],
        "correct": "Track Cycling",
        "id": 2
      },
      {
        "question": "Which of the following trophies is related with the game of ‘Football’?",
        "options": [
          "Mumbai Gold Cup",
          "Everest Cup",
          "Merdeka Cup",
          "V.C.C. Cup"
        ],
        "correct": "Merdeka Cup ",
        "id": 3
      },
      {
        "question": "When was Thomas Cup founded?",
        "options": ["1926", "1938", "1949", "1957"],
        "correct": "1949",
        "id": 4
      },
      {
        "question": "Who is the President of World Boxing Association?",
        "options": [
          "Jack Dempsey",
          "Gilberto Mendoza",
          "Bob Arum",
          "Ali Raymi"
        ],
        "correct": "Gilberto Mendoza",
        "id": 5
      }
    ],
    "level2": [
      {
        "question": "What is the motto of International Olympic Committee?",
        "options": [
          "Faster, Higher, Stronger",
          "Just Do it",
          "More than Passion",
          "We Together"
        ],
        "correct": "Faster, Higher, Stronger",
        "id": 6
      },
      {
        "question": "What is the motto of International Olympic Committee?",
        "options": [
          "Faster, Higher, Stronger",
          "Just Do it",
          "More than Passion",
          "We Together"
        ],
        "correct": "Faster, Higher, Stronger",
        "id": 7
      },
      {
        "question": "What is the motto of International Olympic Committee?",
        "options": [
          "Faster, Higher, Stronger",
          "Just Do it",
          "More than Passion",
          "We Together"
        ],
        "correct": "Faster, Higher, Stronger",
        "id": 8
      },
      {
        "question": "What is the motto of International Olympic Committee?",
        "options": [
          "Faster, Higher, Stronger",
          "Just Do it",
          "More than Passion",
          "We Together"
        ],
        "correct": "Faster, Higher, Stronger",
        "id": 9
      },
      {
        "question": "What is the motto of International Olympic Committee?",
        "options": [
          "Faster, Higher, Stronger",
          "Just Do it",
          "More than Passion",
          "We Together"
        ],
        "correct": "Faster, Higher, Stronger",
        "id": 10
      }
    ],
    "level3": [
      {
        "question": "What is the motto of International Olympic Committee?",
        "options": [
          "Faster, Higher, Stronger",
          "Just Do it",
          "More than Passion",
          "We Together"
        ],
        "correct": "Faster, Higher, Stronger",
        "id": 11
      },
      {
        "question": "What is the motto of International?",
        "options": [
          "Faster, Higher, Stronger",
          "Just Do it",
          "More than Passion",
          "We Together"
        ],
        "correct": "Faster, Higher, Stronger",
        "id": 12
      },
      {
        "question": "What is the motto of Committee?",
        "options": [
          "Faster, Higher, Stronger",
          "Just Do it",
          "More than Passion",
          "We Together"
        ],
        "correct": "Faster, Higher, Stronger",
        "id": 13
      },
      {
        "question": "What is Olympic Committee?",
        "options": [
          "Faster, Higher, Stronger",
          "Just Do it",
          "More than Passion",
          "We Together"
        ],
        "correct": "Faster, Higher, Stronger",
        "id": 14
      },
      {
        "question": "What is the 12312 Committee?",
        "options": [
          "Faster, Higher, Stronger",
          "Just Do it",
          "More than Passion",
          "We Together"
        ],
        "correct": "Faster, Higher, Stronger",
        "id": 15
      }
    ],
    "BasicInfo": [
      {
        "name": "Science",
        "totalQuestion": 5,
        "totalTime": 2
      }
    ]
  },
  {
    "Level1": [
      {
        "question": "Thomas Cup is related to which among the following sports?",
        "options": ["Table Tennis", "Lawn Tennis", "Badminton", "Golf"],
        "correct": "Badminton",
        "id": 1
      },
      {
        "question": "Velodrome is an arena for which among the following sporting events ?",
        "options": [
          "Lawn tennis",
          "Ice Hockey",
          "Track Cycling",
          "Formula 1 racing"
        ],
        "correct": "Track Cycling",
        "id": 2
      },
      {
        "question": "Which of the following trophies is related with the game of ‘Football’?",
        "options": [
          "Mumbai Gold Cup",
          "Everest Cup",
          "Merdeka Cup",
          "V.C.C. Cup"
        ],
        "correct": "Merdeka Cup ",
        "id": 3
      },
      {
        "question": "When was Thomas Cup founded?",
        "options": ["1926", "1938", "1949", "1957"],
        "correct": "1949",
        "id": 4
      },
      {
        "question": "Who is the President of World Boxing Association?",
        "options": [
          "Jack Dempsey",
          "Gilberto Mendoza",
          "Bob Arum",
          "Ali Raymi"
        ],
        "correct": "Gilberto Mendoza",
        "id": 5
      }
    ],
    "level2": [
      {
        "question": "What is the motto of International Olympic Committee?",
        "options": [
          "Faster, Higher, Stronger",
          "Just Do it",
          "More than Passion",
          "We Together"
        ],
        "correct": "Faster, Higher, Stronger",
        "id": 6
      },
      {
        "question": "What is the motto of International Olympic Committee?",
        "options": [
          "Faster, Higher, Stronger",
          "Just Do it",
          "More than Passion",
          "We Together"
        ],
        "correct": "Faster, Higher, Stronger",
        "id": 7
      },
      {
        "question": "What is the motto of International Olympic Committee?",
        "options": [
          "Faster, Higher, Stronger",
          "Just Do it",
          "More than Passion",
          "We Together"
        ],
        "correct": "Faster, Higher, Stronger",
        "id": 8
      },
      {
        "question": "What is the motto of International Olympic Committee?",
        "options": [
          "Faster, Higher, Stronger",
          "Just Do it",
          "More than Passion",
          "We Together"
        ],
        "correct": "Faster, Higher, Stronger",
        "id": 9
      },
      {
        "question": "What is the motto of International Olympic Committee?",
        "options": [
          "Faster, Higher, Stronger",
          "Just Do it",
          "More than Passion",
          "We Together"
        ],
        "correct": "Faster, Higher, Stronger",
        "id": 10
      }
    ],
    "level3": [
      {
        "question": "What is the motto of International Olympic Committee?",
        "options": [
          "Faster, Higher, Stronger",
          "Just Do it",
          "More than Passion",
          "We Together"
        ],
        "correct": "Faster, Higher, Stronger",
        "id": 11
      },
      {
        "question": "What is the motto of International Olympic Committee?",
        "options": [
          "Faster, Higher, Stronger",
          "Just Do it",
          "More than Passion",
          "We Together"
        ],
        "correct": "Faster, Higher, Stronger",
        "id": 12
      },
      {
        "question": "What is the motto of International Olympic Committee?",
        "options": [
          "Faster, Higher, Stronger",
          "Just Do it",
          "More than Passion",
          "We Together"
        ],
        "correct": "Faster, Higher, Stronger",
        "id": 13
      },
      {
        "question": "What is the motto of International Olympic Committee?",
        "options": [
          "Faster, Higher, Stronger",
          "Just Do it",
          "More than Passion",
          "We Together"
        ],
        "correct": "Faster, Higher, Stronger",
        "id": 14
      },
      {
        "question": "What is the motto of International Olympic Committee?",
        "options": [
          "Faster, Higher, Stronger",
          "Just Do it",
          "More than Passion",
          "We Together"
        ],
        "correct": "Faster, Higher, Stronger",
        "id": 15
      }
    ],
    "BasicInfo": [
      {
        "name": "Law",
        "totalQuestion": 5,
        "totalTime": 2
      }
    ]
  },
  {
    "Level1": [
      {
        "question": "Thomas Cup is related to which among the following sports?",
        "options": ["Table Tennis", "Lawn Tennis", "Badminton", "Golf"],
        "correct": "Badminton",
        "id": 1
      },
      {
        "question": "Velodrome is an arena for which among the following sporting events ?",
        "options": [
          "Lawn tennis",
          "Ice Hockey",
          "Track Cycling",
          "Formula 1 racing"
        ],
        "correct": "Track Cycling",
        "id": 2
      },
      {
        "question": "Which of the following trophies is related with the game of ‘Football’?",
        "options": [
          "Mumbai Gold Cup",
          "Everest Cup",
          "Merdeka Cup",
          "V.C.C. Cup"
        ],
        "correct": "Merdeka Cup ",
        "id": 3
      },
      {
        "question": "When was Thomas Cup founded?",
        "options": ["1926", "1938", "1949", "1957"],
        "correct": "1949",
        "id": 4
      },
      {
        "question": "Who is the President of World Boxing Association?",
        "options": [
          "Jack Dempsey",
          "Gilberto Mendoza",
          "Bob Arum",
          "Ali Raymi"
        ],
        "correct": "Gilberto Mendoza",
        "id": 5
      }
    ],
    "level2": [
      {
        "question": "What is the motto of International Olympic Committee?",
        "options": [
          "Faster, Higher, Stronger",
          "Just Do it",
          "More than Passion",
          "We Together"
        ],
        "correct": "Faster, Higher, Stronger",
        "id": 6
      },
      {
        "question": "What is the motto of International Olympic Committee?",
        "options": [
          "Faster, Higher, Stronger",
          "Just Do it",
          "More than Passion",
          "We Together"
        ],
        "correct": "Faster, Higher, Stronger",
        "id": 7
      },
      {
        "question": "What is the motto of International Olympic Committee?",
        "options": [
          "Faster, Higher, Stronger",
          "Just Do it",
          "More than Passion",
          "We Together"
        ],
        "correct": "Faster, Higher, Stronger",
        "id": 8
      },
      {
        "question": "What is the motto of International Olympic Committee?",
        "options": [
          "Faster, Higher, Stronger",
          "Just Do it",
          "More than Passion",
          "We Together"
        ],
        "correct": "Faster, Higher, Stronger",
        "id": 9
      },
      {
        "question": "What is the motto of International Olympic Committee?",
        "options": [
          "Faster, Higher, Stronger",
          "Just Do it",
          "More than Passion",
          "We Together"
        ],
        "correct": "Faster, Higher, Stronger",
        "id": 10
      }
    ],
    "level3": [
      {
        "question": "What is the motto of International Olympic Committee?",
        "options": [
          "Faster, Higher, Stronger",
          "Just Do it",
          "More than Passion",
          "We Together"
        ],
        "correct": "Faster, Higher, Stronger",
        "id": 11
      },
      {
        "question": "What is the motto of International Olympic Committee?",
        "options": [
          "Faster, Higher, Stronger",
          "Just Do it",
          "More than Passion",
          "We Together"
        ],
        "correct": "Faster, Higher, Stronger",
        "id": 12
      },
      {
        "question": "What is the motto of International Olympic Committee?",
        "options": [
          "Faster, Higher, Stronger",
          "Just Do it",
          "More than Passion",
          "We Together"
        ],
        "correct": "Faster, Higher, Stronger",
        "id": 13
      },
      {
        "question": "What is the motto of International Olympic Committee?",
        "options": [
          "Faster, Higher, Stronger",
          "Just Do it",
          "More than Passion",
          "We Together"
        ],
        "correct": "Faster, Higher, Stronger",
        "id": 14
      },
      {
        "question": "What is the motto of International Olympic Committee?",
        "options": [
          "Faster, Higher, Stronger",
          "Just Do it",
          "More than Passion",
          "We Together"
        ],
        "correct": "Faster, Higher, Stronger",
        "id": 15
      }
    ],
    "BasicInfo": [
      {
        "name": "cinema",
        "totalQuestion": 5,
        "totalTime": 2
      }
    ]
  }
]
